mb,rmse,mae,corr,ll,calib95,CRPS,ICI
0.21615099906921387,0.21738199889659882,0.21615099906921387,0.36918865090062264,-1.2729803323745728,0.8139534592628479,0.14142468571662903,0.2931456577621009
0.018144607543945312,0.04431876912713051,0.03330828249454498,0.4168022604699193,1.0498807430267334,1.0,0.039060454815626144,0.3347613191918322
0.6117812991142273,0.8114084601402283,0.6316647529602051,0.8167292484467372,-565.1849365234375,0.0,0.5408251285552979,0.5
